created_at,entry_id,field1,field2,field3,latitude,longitude,elevation,status
2024-07-24T12:53:57+00:00,1,24.94000,821.48889,1735.00598,,,,
2024-07-24T13:03:32+00:00,2,32.27000,963.20313,425.26349,,,,
2024-07-24T13:03:55+00:00,3,179.99001,-34.90609,nan,,,,
2024-07-24T13:13:31+00:00,4,32.51000,963.35907,423.91092,,,,
2024-07-24T13:23:06+00:00,5,32.99000,963.54608,422.28934,,,,
2024-07-24T13:32:41+00:00,6,33.50000,963.62158,421.63470,,,,
2024-07-24T13:42:17+00:00,7,32.89000,963.71710,420.80627,,,,
2024-07-24T14:01:32+00:00,8,32.76000,963.88568,419.34485,,,,
2024-07-24T14:11:09+00:00,9,33.02000,964.01196,418.25012,,,,
2024-07-24T14:20:45+00:00,10,32.77000,964.13501,417.09164,,,,
2024-07-24T14:30:23+00:00,11,33.18000,964.33002,415.49362,,,,
2024-07-24T14:39:59+00:00,12,32.69000,964.40210,414.86874,,,,
2024-07-24T14:49:36+00:00,13,33.17000,964.56549,413.45316,,,,
2024-07-24T14:59:10+00:00,14,32.65000,964.65033,412.71799,,,,
2024-07-24T15:08:46+00:00,15,32.99000,964.73499,411.98444,,,,
2024-07-24T15:18:21+00:00,16,32.65000,964.75330,411.82590,,,,
2024-07-24T15:37:35+00:00,17,32.68000,964.81104,411.32574,,,,
2024-07-24T15:47:11+00:00,18,32.90000,964.85529,410.94226,,,,
2024-07-24T15:56:48+00:00,19,32.76000,964.90125,410.54416,,,,
2024-07-24T16:06:24+00:00,20,32.87000,964.86346,410.87164,,,,
2024-07-24T16:16:00+00:00,21,32.98000,964.74353,411.91068,,,,
2024-07-24T16:25:36+00:00,22,32.89000,964.70874,412.21204,,,,
2024-07-24T16:35:12+00:00,23,33.33000,964.58545,413.27997,,,,
2024-07-24T16:44:48+00:00,24,32.69000,964.53442,413.72214,,,,
2024-07-24T16:54:24+00:00,25,33.25000,964.34857,415.33243,,,,
2024-07-24T17:04:01+00:00,26,32.50000,964.40900,414.80908,,,,
2024-07-24T17:13:37+00:00,27,33.30000,964.36530,415.18747,,,,
2024-07-24T17:23:13+00:00,28,33.72000,964.30658,415.69672,,,,
2024-07-24T17:32:49+00:00,29,33.91000,964.22876,416.37085,,,,
2024-07-24T17:42:26+00:00,30,34.18000,964.07849,417.67322,,,,
2024-07-24T17:52:01+00:00,31,34.14000,964.06219,418.11664,,,,
2024-07-24T18:01:37+00:00,32,33.45000,963.87183,419.46475,,,,
2024-07-24T18:11:15+00:00,33,34.00000,963.71844,420.79474,,,,
2024-07-24T18:20:50+00:00,34,34.11000,963.49591,422.72406,,,,
2024-07-24T18:30:24+00:00,35,33.18000,963.60486,421.77979,,,,
2024-07-24T18:40:04+00:00,36,33.55000,963.42157,423.36880,,,,
2024-07-24T18:49:37+00:00,37,33.55000,963.36407,423.86746,,,,
2024-07-24T18:59:11+00:00,38,33.08000,963.39752,423.57779,,,,
2024-07-24T19:08:48+00:00,39,33.58000,963.22827,425.04556,,,,
2024-07-24T19:18:23+00:00,40,33.06000,963.28052,424.59244,,,,
2024-07-24T19:27:59+00:00,41,33.45000,963.06610,426.45224,,,,
2024-07-24T19:37:36+00:00,42,32.84000,962.93048,427.62906,,,,
2024-07-24T19:47:10+00:00,43,33.31000,962.71045,429.53818,,,,
2024-07-24T19:56:47+00:00,44,33.48000,962.65338,430.03345,,,,
2024-07-24T20:06:23+00:00,45,32.97000,962.54028,431.01517,,,,
2024-07-24T20:15:59+00:00,46,33.46000,962.41724,432.08295,,,,
2024-07-24T20:25:34+00:00,47,33.11000,962.46533,431.66568,,,,
2024-07-24T20:35:11+00:00,48,33.20000,962.29047,433.18335,,,,
2024-07-24T20:44:48+00:00,49,33.52000,962.09204,434.90628,,,,
2024-07-24T20:54:24+00:00,50,32.87000,962.28436,433.23630,,,,
2024-07-24T21:04:01+00:00,51,33.38000,962.35718,432.60403,,,,
2024-07-24T21:13:36+00:00,52,33.13000,962.31940,432.93222,,,,
2024-07-24T21:23:12+00:00,53,33.14000,962.41888,432.06879,,,,
2024-07-24T21:32:48+00:00,54,33.41000,962.31396,432.97940,,,,
2024-07-24T21:42:23+00:00,55,32.74000,962.38013,432.40482,,,,
2024-07-24T21:52:02+00:00,56,33.32000,962.33936,432.75922,,,,
2024-07-24T22:01:37+00:00,57,32.80000,962.44055,431.88062,,,,
2024-07-24T22:11:12+00:00,58,33.08000,962.54688,430.95752,,,,
2024-07-24T22:20:49+00:00,59,33.21000,962.52435,431.15302,,,,
2024-07-24T22:30:25+00:00,60,32.71000,962.59924,430.50305,,,,
2024-07-24T22:40:01+00:00,61,33.18000,962.66876,429.89978,,,,
2024-07-24T22:49:37+00:00,62,32.52000,962.77911,428.94229,,,,
2024-07-24T22:59:13+00:00,63,33.02000,962.77966,428.93756,,,,
2024-07-24T23:08:50+00:00,64,32.60000,962.93689,427.57352,,,,
2024-07-24T23:18:25+00:00,65,32.86000,963.01959,426.85568,,,,
2024-07-24T23:28:02+00:00,66,32.94000,963.17572,425.50134,,,,
2024-07-24T23:37:37+00:00,67,32.61000,963.27167,424.66891,,,,
2024-07-24T23:47:13+00:00,68,33.10000,963.39093,423.63489,,,,
2024-07-25T00:06:28+00:00,69,33.00000,963.68060,421.28961,,,,
2024-07-25T00:16:03+00:00,70,32.51000,963.74908,420.52875,,,,
2024-07-25T00:25:40+00:00,71,32.91000,963.94391,418.84015,,,,
2024-07-25T00:35:15+00:00,72,32.58000,964.03424,418.05695,,,,
2024-07-25T00:44:51+00:00,73,32.85000,963.99359,418.40927,,,,
2024-07-25T00:54:26+00:00,74,32.87000,964.08282,417.63553,,,,
2024-07-25T01:04:02+00:00,75,32.64000,964.18860,416.71893,,,,
2024-07-25T01:13:39+00:00,76,32.98000,964.36700,415.17279,,,,
2024-07-25T01:23:15+00:00,77,32.48000,964.36859,415.15918,,,,
2024-07-25T01:32:51+00:00,78,33.04000,964.43048,414.62277,,,,
2024-07-25T01:42:27+00:00,79,32.31000,964.56372,413.46835,,,,
2024-07-25T01:52:04+00:00,80,32.98000,964.55701,413.52643,,,,
2024-07-25T02:01:40+00:00,81,32.25000,964.61627,413.01309,,,,
2024-07-25T02:11:15+00:00,82,32.79000,964.50110,414.01099,,,,
2024-07-25T02:20:51+00:00,83,32.33000,964.52234,413.82678,,,,
2024-07-25T02:30:27+00:00,84,32.63000,964.59436,413.20303,,,,
2024-07-25T02:40:03+00:00,85,32.44000,964.62701,412.91995,,,,
2024-07-25T02:49:40+00:00,86,32.80000,964.63422,412.85770,,,,
2024-07-25T02:59:16+00:00,87,32.81000,964.66370,412.60236,,,,
2024-07-25T03:08:51+00:00,88,32.57000,964.65588,412.66986,,,,
2024-07-25T03:18:28+00:00,89,32.83000,964.68329,412.43231,,,,
2024-07-25T03:28:04+00:00,90,32.41000,964.60565,413.10519,,,,
2024-07-25T03:37:40+00:00,91,32.95000,964.54218,413.65515,,,,
2024-07-25T03:56:59+00:00,92,33.10000,964.61987,412.98172,,,,
2024-07-25T04:06:32+00:00,93,32.44000,964.66718,412.57202,,,,
2024-07-25T04:16:08+00:00,94,33.01000,964.69000,412.37424,,,,
2024-07-25T04:35:27+00:00,95,33.27000,964.64343,412.77765,,,,
2024-07-25T04:45:02+00:00,96,33.52000,964.55347,413.55731,,,,
2024-07-25T05:04:20+00:00,97,33.55000,964.34106,415.39786,,,,
2024-07-25T05:42:47+00:00,98,32.90000,963.89319,419.27942,,,,
2024-07-25T06:00:30+00:00,99,32.33000,963.76141,420.42191,,,,
2024-07-25T06:01:12+00:00,100,179.99001,821.48889,1735.00598,,,,
2024-07-25T06:10:45+00:00,101,32.67000,963.55853,422.18146,,,,
2024-07-25T06:20:22+00:00,102,32.93000,963.41455,423.43008,,,,
2024-07-25T06:39:38+00:00,103,33.04000,963.23157,425.01675,,,,
2024-07-25T06:49:13+00:00,104,32.99000,962.99908,427.03381,,,,
2024-07-25T07:08:28+00:00,105,32.70000,962.74017,429.28030,,,,
2024-07-25T07:18:04+00:00,106,33.32000,962.52948,431.10846,,,,
2024-07-25T07:27:39+00:00,107,32.65000,962.46771,431.64471,,,,
2024-07-25T07:37:20+00:00,108,33.32000,962.37250,432.47141,,,,
2024-07-25T07:46:56+00:00,109,32.91000,962.32861,432.85202,,,,
2024-07-25T07:56:32+00:00,110,33.22000,962.23315,433.68091,,,,
2024-07-25T08:15:47+00:00,111,32.90000,962.15936,434.32162,,,,
2024-07-25T08:25:24+00:00,112,33.39000,962.11841,434.67712,,,,
2024-07-25T08:54:17+00:00,113,33.12000,961.94263,436.20313,,,,
2024-07-25T09:03:53+00:00,114,33.15000,961.95697,436.07883,,,,
2024-07-25T09:13:28+00:00,115,33.19000,961.86517,436.87598,,,,
2024-07-25T09:23:03+00:00,116,33.01000,961.91522,436.44122,,,,
2024-07-25T09:32:39+00:00,117,33.35000,961.89471,436.61954,,,,
2024-07-25T09:42:15+00:00,118,32.98000,961.77368,437.67059,,,,
2024-07-25T09:51:51+00:00,119,33.63000,961.71643,438.16782,,,,
2024-07-25T10:01:27+00:00,120,32.86000,961.68835,438.41174,,,,
2024-07-25T10:11:04+00:00,121,33.44000,961.69690,438.33725,,,,
2024-07-25T10:20:40+00:00,122,32.97000,961.89545,436.61322,,,,
2024-07-25T10:30:16+00:00,123,33.34000,961.89478,436.61899,,,,
2024-07-25T10:39:54+00:00,124,33.89000,961.99609,435.73901,,,,
2024-07-25T10:49:31+00:00,125,34.01000,961.99548,435.74426,,,,
2024-07-25T10:59:06+00:00,126,34.05000,962.07440,435.05939,,,,
2024-07-25T11:08:41+00:00,127,34.05000,962.20361,433.93729,,,,
2024-07-25T11:18:18+00:00,128,34.09000,962.29626,433.13303,,,,
2024-07-25T11:27:53+00:00,129,33.75000,962.37354,432.46249,,,,
2024-07-25T11:37:28+00:00,130,33.72000,962.42719,431.99646,,,,
2024-07-25T11:47:05+00:00,131,34.10000,962.51117,431.26782,,,,
2024-07-25T11:56:40+00:00,132,34.33000,962.74921,429.20169,,,,
2024-07-25T12:06:17+00:00,133,34.41000,962.92627,427.66574,,,,
2024-07-25T12:15:53+00:00,134,33.72000,963.03625,426.71106,,,,
2024-07-25T12:25:29+00:00,135,34.24000,963.19342,425.34784,,,,
2024-07-25T12:44:42+00:00,136,33.86000,963.37659,423.75903,,,,
2024-07-25T12:54:19+00:00,137,33.89000,963.43787,423.22791,,,,
2024-07-25T13:03:54+00:00,138,34.12000,963.59906,421.83005,,,,
2024-07-25T13:13:31+00:00,139,33.76000,963.82556,419.86584,,,,
2024-07-25T13:23:09+00:00,140,33.55000,963.96234,418.67993,,,,
2024-07-25T13:32:44+00:00,141,33.81000,964.19110,416.69748,,,,
2024-07-25T14:01:37+00:00,142,33.76000,964.71033,412.19791,,,,
2024-07-25T14:11:13+00:00,143,33.08000,964.78510,411.55017,,,,
2024-07-25T14:20:47+00:00,144,33.54000,964.88861,410.65350,,,,
2024-07-25T14:30:30+00:00,145,33.23000,965.04736,409.52045,,,,
2024-07-25T14:40:09+00:00,146,33.17000,965.15997,408.30331,,,,
2024-07-25T14:49:45+00:00,147,33.51000,965.08173,408.98117,,,,
2024-07-25T15:09:00+00:00,148,33.37000,965.17889,408.13962,,,,
2024-07-25T15:18:36+00:00,149,33.12000,965.22852,407.70972,,,,
2024-07-25T15:28:15+00:00,150,33.63000,965.30359,407.05966,,,,
2024-07-25T15:37:48+00:00,151,34.02000,965.41205,406.12048,,,,
2024-07-25T15:47:24+00:00,152,33.21000,965.49536,405.39941,,,,
2024-07-25T15:56:59+00:00,153,33.52000,965.51624,405.21851,,,,
2024-07-25T16:06:37+00:00,154,33.23000,965.63690,404.17389,,,,
2024-07-25T16:16:12+00:00,155,33.28000,965.61487,404.36472,,,,
2024-07-25T16:25:50+00:00,156,33.38000,965.60455,404.45410,,,,
2024-07-25T16:35:28+00:00,157,32.99000,965.46179,405.69012,,,,
2024-07-25T16:45:02+00:00,158,33.47000,965.52423,405.14948,,,,
2024-07-25T16:54:37+00:00,159,32.70000,965.48389,405.49875,,,,
2024-07-25T17:04:14+00:00,160,33.28000,965.55750,404.86139,,,,
2024-07-25T17:13:49+00:00,161,32.75000,965.50439,405.32098,,,,
2024-07-25T17:23:26+00:00,162,33.07000,965.51532,405.22635,,,,
2024-07-25T17:33:05+00:00,163,32.98000,965.47034,405.61588,,,,
2024-07-25T17:42:37+00:00,164,32.91000,965.40625,406.14243,,,,
2024-07-25T18:01:51+00:00,165,32.68000,965.33185,406.81491,,,,
2024-07-25T18:11:28+00:00,166,33.27000,965.29382,407.14438,,,,
2024-07-25T18:21:03+00:00,167,32.50000,965.34576,406.69464,,,,
2024-07-25T18:30:41+00:00,168,33.14000,965.22925,407.70343,,,,
2024-07-25T18:40:16+00:00,169,32.59000,965.11255,408.71390,,,,
2024-07-25T18:49:51+00:00,170,33.07000,965.07251,409.06067,,,,
2024-07-25T18:59:27+00:00,171,32.76000,964.95892,410.04459,,,,
2024-07-25T19:18:43+00:00,172,32.95000,964.90656,410.49811,,,,
2024-07-25T19:28:20+00:00,173,32.65000,964.94141,410.19629,,,,
2024-07-25T19:37:56+00:00,174,33.04000,964.80878,411.34509,,,,
2024-07-25T19:47:31+00:00,175,32.43000,964.72266,412.09116,,,,
2024-07-25T19:57:09+00:00,176,33.05000,964.73236,412.00745,,,,
2024-07-25T20:06:44+00:00,177,32.31000,964.73615,411.97449,,,,
2024-07-25T20:16:21+00:00,178,32.91000,964.73877,411.95148,,,,
2024-07-25T20:25:58+00:00,179,32.42000,964.67700,412.48672,,,,
2024-07-25T20:35:33+00:00,180,32.88000,964.65985,412.77136,,,,
2024-07-25T20:45:11+00:00,181,33.39000,964.62280,412.95660,,,,
2024-07-25T20:54:48+00:00,182,32.90000,964.73853,411.95355,,,,
2024-07-25T21:04:23+00:00,183,32.92000,964.75085,411.84683,,,,
2024-07-25T21:13:58+00:00,184,33.10000,964.75757,411.78876,,,,
2024-07-25T21:23:33+00:00,185,32.27000,964.70905,412.20941,,,,
2024-07-25T21:33:09+00:00,186,32.83000,964.81061,411.32941,,,,
2024-07-25T21:42:45+00:00,187,32.15000,964.75891,411.77725,,,,
2024-07-25T21:52:19+00:00,188,32.53000,964.89368,410.61008,,,,
2024-07-25T22:01:55+00:00,189,31.96000,964.99329,409.74695,,,,
2024-07-25T22:11:31+00:00,190,32.39000,965.08044,408.99216,,,,
2024-07-25T22:21:07+00:00,191,31.97000,965.13104,408.55383,,,,
2024-07-25T22:40:22+00:00,192,32.07000,965.11017,408.73480,,,,
2024-07-25T22:49:57+00:00,193,32.22000,965.15735,408.32632,,,,
2024-07-25T22:59:33+00:00,194,32.21000,965.25812,407.45343,,,,
2024-07-25T23:09:08+00:00,195,31.97000,965.35034,406.65491,,,,
2024-07-25T23:28:21+00:00,196,31.85000,965.49530,405.39993,,,,
2024-07-25T23:37:57+00:00,197,32.41000,965.54437,404.97485,,,,
2024-07-25T23:47:33+00:00,198,31.93000,965.64319,404.11951,,,,
2024-07-25T23:57:11+00:00,199,32.81000,965.73529,403.32227,,,,
2024-07-26T00:06:45+00:00,200,32.16000,965.89923,401.90356,,,,
2024-07-26T00:16:20+00:00,201,32.57000,965.99878,401.04169,,,,
2024-07-26T00:25:59+00:00,202,32.17000,966.03180,400.75632,,,,
2024-07-26T00:35:32+00:00,203,32.40000,966.08740,400.27499,,,,
2024-07-26T00:45:09+00:00,204,32.30000,966.12897,399.91544,,,,
2024-07-26T00:54:45+00:00,205,32.20000,965.99078,401.11121,,,,
2024-07-26T01:04:21+00:00,206,32.38000,966.09393,400.21857,,,,
2024-07-26T01:13:56+00:00,207,32.06000,966.28857,398.53433,,,,
2024-07-26T01:23:32+00:00,208,32.50000,966.31952,398.26682,,,,
2024-07-26T01:33:10+00:00,209,31.93000,966.38281,397.71924,,,,
2024-07-26T01:42:48+00:00,210,32.56000,966.49500,396.74850,,,,
2024-07-26T01:52:23+00:00,211,31.96000,966.56982,396.10123,,,,
2024-07-26T02:01:58+00:00,212,32.64000,966.63983,395.49579,,,,
2024-07-26T02:11:33+00:00,213,31.89000,966.80634,394.05573,,,,
2024-07-26T02:30:48+00:00,214,32.04000,966.91797,393.09058,,,,
2024-07-26T02:40:24+00:00,215,32.33000,966.79108,394.18787,,,,
2024-07-26T02:50:00+00:00,216,32.07000,966.70813,394.90500,,,,
2024-07-26T03:09:15+00:00,217,32.21000,966.74994,394.54355,,,,
2024-07-26T03:18:50+00:00,218,32.16000,966.80951,394.02856,,,,
2024-07-26T03:28:26+00:00,219,32.33000,966.66583,395.27066,,,,
2024-07-26T03:38:02+00:00,220,32.07000,966.68872,395.07321,,,,
2024-07-26T03:47:39+00:00,221,32.43000,966.61218,395.73505,,,,
2024-07-26T03:57:14+00:00,222,31.98000,966.58081,396.00616,,,,
2024-07-26T04:06:51+00:00,223,32.59000,966.50946,396.62366,,,,
2024-07-26T04:16:26+00:00,224,31.89000,966.46014,397.04996,,,,
2024-07-26T04:26:02+00:00,225,32.58000,966.42029,397.39478,,,,
2024-07-26T04:35:40+00:00,226,31.94000,966.28015,398.60748,,,,
2024-07-26T04:45:14+00:00,227,32.53000,966.15143,399.72104,,,,
2024-07-26T04:54:50+00:00,228,32.04000,966.03375,400.73907,,,,
2024-07-26T05:14:05+00:00,229,32.20000,966.10205,400.14801,,,,
2024-07-26T05:23:40+00:00,230,32.51000,966.04468,400.64450,,,,
2024-07-26T05:33:17+00:00,231,32.32000,965.92548,401.67621,,,,
2024-07-26T05:42:52+00:00,232,32.42000,965.85767,402.26318,,,,
2024-07-26T05:52:28+00:00,233,32.46000,965.78937,402.85440,,,,
2024-07-26T06:02:03+00:00,234,32.33000,965.68549,403.75354,,,,
2024-07-26T06:11:40+00:00,235,32.57000,965.54584,404.96231,,,,
2024-07-26T06:30:55+00:00,236,33.27000,965.23108,407.68774,,,,
2024-07-26T06:40:31+00:00,237,32.69000,965.14587,408.42569,,,,
2024-07-26T06:50:06+00:00,238,33.08000,965.06763,409.10303,,,,
2024-07-26T06:59:41+00:00,239,32.58000,964.87720,410.75235,,,,
2024-07-26T07:09:18+00:00,240,32.72000,964.87659,410.75760,,,,
2024-07-26T07:18:53+00:00,241,32.51000,964.70532,412.24133,,,,
2024-07-26T07:28:29+00:00,242,32.72000,964.63251,412.90375,,,,
2024-07-26T07:38:06+00:00,243,33.18000,964.61420,413.03088,,,,
2024-07-26T07:42:07+00:00,244,24.94000,821.48889,1735.00598,,,,
2024-07-26T07:42:32+00:00,245,33.30000,964.53967,413.67661,,,,
2024-07-26T07:43:20+00:00,246,33.44000,964.58698,413.26688,,,,
2024-07-26T07:44:04+00:00,247,179.99001,-34.90609,nan,,,,
2024-07-26T07:44:49+00:00,248,33.80000,964.61328,413.03873,,,,
2024-07-26T07:45:05+00:00,249,33.77000,964.60376,413.12143,,,,
2024-07-26T07:45:29+00:00,250,34.19000,964.63025,412.89169,,,,
2024-07-26T07:54:48+00:00,251,32.39000,964.54779,413.60648,,,,
2024-07-26T08:04:23+00:00,252,33.19000,964.46985,414.28156,,,,
2024-07-26T08:14:01+00:00,253,33.25000,964.37640,415.09116,,,,
2024-07-26T08:23:36+00:00,254,33.03000,964.32440,415.54178,,,,
2024-07-26T08:42:50+00:00,255,32.95000,964.12061,417.30835,,,,
2024-07-26T09:02:05+00:00,256,33.40000,963.89221,419.28833,,,,
2024-07-26T09:11:40+00:00,257,32.81000,963.80292,420.06219,,,,
2024-07-26T09:21:20+00:00,258,33.43000,963.85577,419.84540,,,,
2024-07-26T09:40:38+00:00,259,33.93000,964.09296,417.54810,,,,
2024-07-26T09:50:12+00:00,260,33.89000,963.93689,418.90088,,,,
2024-07-26T09:59:48+00:00,261,33.18000,964.07025,417.74493,,,,
2024-07-26T10:09:25+00:00,262,33.61000,964.12366,417.28165,,,,
2024-07-26T10:19:02+00:00,263,33.85000,964.13751,417.16177,,,,
2024-07-26T10:28:38+00:00,264,33.25000,964.27362,415.95212,,,,
2024-07-26T10:38:12+00:00,265,33.52000,964.47656,414.22345,,,,
2024-07-26T10:47:50+00:00,266,33.73000,964.67493,412.50504,,,,
2024-07-26T10:57:23+00:00,267,32.96000,964.55304,413.56097,,,,
2024-07-26T11:06:59+00:00,268,33.47000,964.43225,414.60757,,,,
2024-07-26T11:16:35+00:00,269,33.06000,964.43970,414.54269,,,,
2024-07-26T11:26:10+00:00,270,33.23000,964.59070,413.23444,,,,
2024-07-26T11:35:49+00:00,271,33.29000,964.68268,412.43753,,,,
2024-07-26T11:45:22+00:00,272,32.88000,964.93170,410.28052,,,,
2024-07-26T12:04:39+00:00,273,32.64000,965.24768,407.54391,,,,
2024-07-26T12:23:53+00:00,274,33.50000,965.46539,405.65875,,,,
2024-07-26T12:33:27+00:00,275,32.83000,965.57373,404.72073,,,,
2024-07-26T12:52:45+00:00,276,32.74000,965.81763,402.60974,,,,
2024-07-26T13:02:24+00:00,277,33.20000,966.02515,400.81381,,,,
2024-07-26T13:11:58+00:00,278,33.29000,966.18201,399.45663,,,,
2024-07-26T13:21:34+00:00,279,32.64000,966.34369,398.05728,,,,
2024-07-26T13:31:11+00:00,280,33.17000,966.41016,397.48254,,,,
2024-07-26T13:40:48+00:00,281,32.64000,966.51935,396.53796,,,,
2024-07-26T13:50:24+00:00,282,32.77000,966.69812,394.99173,,,,
2024-07-26T13:59:58+00:00,283,33.01000,966.80267,394.08759,,,,
2024-07-26T14:09:32+00:00,284,32.55000,966.89709,393.27075,,,,
2024-07-26T14:28:47+00:00,285,32.40000,967.21063,390.56006,,,,
2024-07-26T14:38:25+00:00,286,33.15000,967.22034,390.47601,,,,
2024-07-26T14:48:00+00:00,287,32.89000,967.31750,389.63596,,,,
2024-07-26T14:57:38+00:00,288,32.74000,967.43268,388.64041,,,,
2024-07-26T15:07:15+00:00,289,32.86000,967.62720,386.95914,,,,
2024-07-26T15:26:28+00:00,290,32.90000,967.92273,384.40561,,,,
2024-07-26T15:36:02+00:00,291,32.50000,968.04224,383.37299,,,,
2024-07-26T15:45:41+00:00,292,33.10000,968.02643,383.50970,,,,
2024-07-26T15:55:16+00:00,293,32.75000,968.02545,383.51804,,,,
2024-07-26T16:04:53+00:00,294,33.10000,968.02112,383.55560,,,,
2024-07-26T16:33:44+00:00,295,32.48000,967.85175,385.01874,,,,
2024-07-26T16:52:56+00:00,296,32.25000,967.87378,384.82880,,,,
2024-07-26T17:02:33+00:00,297,32.24000,967.86493,384.90500,,,,
2024-07-26T17:12:07+00:00,298,32.11000,967.88226,384.75522,,,,
2024-07-26T17:21:45+00:00,299,32.52000,967.83014,385.20557,,,,
2024-07-26T17:31:21+00:00,300,32.13000,967.75763,385.83234,,,,
2024-07-26T17:40:57+00:00,301,32.73000,967.70764,386.26392,,,,
2024-07-26T17:50:31+00:00,302,32.43000,967.66571,386.62665,,,,
2024-07-26T18:00:10+00:00,303,32.88000,967.44476,388.53601,,,,
2024-07-26T18:09:46+00:00,304,32.87000,967.51593,387.92111,,,,
2024-07-26T18:19:22+00:00,305,33.18000,967.47711,388.25623,,,,
2024-07-26T18:28:59+00:00,306,32.72000,967.45673,388.43265,,,,
2024-07-26T18:38:36+00:00,307,33.23000,967.31610,389.64798,,,,
2024-07-26T18:48:10+00:00,308,32.52000,967.36157,389.25537,,,,
2024-07-26T18:57:47+00:00,309,32.96000,967.42188,388.73386,,,,
2024-07-26T19:07:24+00:00,310,32.95000,967.52094,387.87778,,,,
2024-07-26T19:17:00+00:00,311,32.88000,967.60492,387.15173,,,,
2024-07-26T19:26:36+00:00,312,33.12000,967.57532,387.40747,,,,
2024-07-26T19:36:12+00:00,313,32.52000,967.54437,387.67523,,,,
2024-07-26T19:45:48+00:00,314,32.97000,967.33875,389.45273,,,,
2024-07-26T19:55:23+00:00,315,32.58000,967.36273,389.24493,,,,
2024-07-26T20:04:59+00:00,316,32.85000,967.33783,389.46054,,,,
2024-07-26T20:14:35+00:00,317,32.93000,967.35156,389.34152,,,,
2024-07-26T20:24:11+00:00,318,32.53000,967.19995,390.65250,,,,
2024-07-26T20:33:48+00:00,319,33.04000,967.13263,391.23413,,,,
2024-07-26T20:43:22+00:00,320,32.35000,967.14679,391.11197,,,,
2024-07-26T20:53:00+00:00,321,32.95000,967.19147,390.72559,,,,
2024-07-26T21:02:34+00:00,322,32.58000,967.27930,389.96643,,,,
2024-07-26T21:12:13+00:00,323,32.97000,967.33350,389.49762,,,,
2024-07-26T21:21:48+00:00,324,32.41000,967.46851,388.33087,,,,
2024-07-26T21:31:24+00:00,325,32.84000,967.41412,388.80069,,,,
2024-07-26T21:41:00+00:00,326,32.47000,967.40375,388.89047,,,,
2024-07-26T21:50:37+00:00,327,32.56000,967.38159,389.08206,,,,
2024-07-26T22:00:13+00:00,328,32.67000,967.43140,388.65137,,,,
2024-07-26T22:09:49+00:00,329,32.30000,967.52875,387.80991,,,,
2024-07-26T22:19:24+00:00,330,32.74000,967.50940,387.97748,,,,
2024-07-26T22:29:00+00:00,331,32.09000,967.57391,387.42001,,,,
2024-07-26T22:38:37+00:00,332,32.65000,967.62592,386.97061,,,,
2024-07-26T22:48:12+00:00,333,31.98000,967.69452,386.37772,,,,
2024-07-26T22:57:48+00:00,334,32.49000,967.88690,384.71503,,,,
2024-07-26T23:07:24+00:00,335,31.99000,967.95044,384.16611,,,,
2024-07-26T23:16:59+00:00,336,32.27000,967.94385,384.22296,,,,
2024-07-26T23:26:38+00:00,337,32.02000,968.13580,382.56482,,,,
2024-07-26T23:36:13+00:00,338,32.05000,968.28815,381.24863,,,,
2024-07-26T23:45:50+00:00,339,32.36000,968.41455,380.15741,,,,
2024-07-26T23:55:25+00:00,340,32.05000,968.53516,379.11584,,,,
2024-07-27T00:05:05+00:00,341,32.51000,968.59967,378.55832,,,,
2024-07-27T00:14:38+00:00,342,31.88000,968.80188,376.81244,,,,
2024-07-27T00:24:16+00:00,343,32.55000,968.76624,377.12009,,,,
2024-07-27T00:33:50+00:00,344,31.83000,968.90686,375.90625,,,,
2024-07-27T00:43:26+00:00,345,32.48000,969.01190,374.99960,,,,
2024-07-27T00:53:05+00:00,346,31.97000,969.17194,373.61816,,,,
2024-07-27T01:02:41+00:00,347,32.36000,969.14435,373.85638,,,,
2024-07-27T01:12:19+00:00,348,32.04000,969.20868,373.30072,,,,
2024-07-27T01:21:55+00:00,349,32.15000,969.38080,371.81580,,,,
2024-07-27T01:31:30+00:00,350,32.21000,969.43628,371.33685,,,,
2024-07-27T01:41:04+00:00,351,31.85000,969.44843,371.23212,,,,
2024-07-27T01:50:42+00:00,352,32.19000,969.43243,371.37021,,,,
2024-07-27T02:00:17+00:00,353,31.74000,969.25385,372.91138,,,,
2024-07-27T02:09:53+00:00,354,32.33000,969.37000,371.90857,,,,
2024-07-27T02:19:29+00:00,355,31.73000,969.30048,372.50900,,,,
2024-07-27T02:29:06+00:00,356,32.44000,969.22827,373.13184,,,,
2024-07-27T02:38:40+00:00,357,31.73000,969.31091,372.41882,,,,
2024-07-27T02:48:15+00:00,358,32.24000,969.41107,371.55417,,,,
2024-07-27T02:57:52+00:00,359,31.96000,969.41876,371.48801,,,,
2024-07-27T03:07:27+00:00,360,32.11000,969.40021,371.64798,,,,
2024-07-27T03:17:04+00:00,361,32.14000,969.46912,371.05338,,,,
2024-07-27T03:26:39+00:00,362,31.91000,969.44299,371.27902,,,,
2024-07-27T03:36:16+00:00,363,32.25000,969.45288,371.19354,,,,
2024-07-27T03:45:50+00:00,364,31.84000,969.40314,371.62299,,,,
2024-07-27T03:55:28+00:00,365,32.45000,969.39935,371.65530,,,,
2024-07-27T04:05:03+00:00,366,31.71000,969.32080,372.33334,,,,
2024-07-27T04:14:39+00:00,367,32.48000,969.28729,372.62262,,,,
2024-07-27T04:24:16+00:00,368,32.11000,969.28186,372.66953,,,,
2024-07-27T04:33:52+00:00,369,32.20000,969.19751,373.39716,,,,
2024-07-27T04:43:28+00:00,370,32.22000,969.10938,374.15823,,,,
2024-07-27T04:53:02+00:00,371,32.00000,968.98315,375.24777,,,,
2024-07-27T05:02:39+00:00,372,32.59000,968.81079,376.73581,,,,
2024-07-27T05:12:14+00:00,373,32.00000,968.56201,378.88376,,,,
2024-07-27T05:21:50+00:00,374,32.42000,968.36206,380.61069,,,,
2024-07-27T05:31:26+00:00,375,32.66000,968.27765,381.33939,,,,
2024-07-27T05:41:01+00:00,376,32.22000,968.08545,382.99994,,,,
2024-07-27T05:50:37+00:00,377,32.86000,967.93719,384.28036,,,,
2024-07-27T06:00:13+00:00,378,32.11000,967.78485,385.59695,,,,
2024-07-27T06:09:49+00:00,379,32.71000,967.55219,387.60739,,,,
2024-07-27T06:19:25+00:00,380,32.13000,967.39221,388.99017,,,,
2024-07-27T06:29:01+00:00,381,32.50000,967.32281,389.59003,,,,
2024-07-27T06:38:36+00:00,382,32.21000,967.20789,390.58356,,,,
2024-07-27T06:48:12+00:00,383,32.42000,967.20923,390.57208,,,,
2024-07-27T06:57:49+00:00,384,32.81000,967.17810,390.84097,,,,
2024-07-27T07:07:24+00:00,385,32.13000,967.05280,391.92447,,,,
2024-07-27T07:17:02+00:00,386,32.97000,966.87842,393.43265,,,,
2024-07-27T07:26:37+00:00,387,32.60000,966.69086,395.12961,,,,
2024-07-27T07:36:14+00:00,388,32.98000,966.58575,395.96332,,,,
2024-07-27T07:45:52+00:00,389,32.69000,966.41425,397.44702,,,,
2024-07-27T07:55:27+00:00,390,32.71000,966.32385,398.22919,,,,
2024-07-27T08:05:02+00:00,391,32.91000,966.25482,398.82642,,,,
2024-07-27T08:14:37+00:00,392,32.57000,966.22852,399.05426,,,,
2024-07-27T08:24:12+00:00,393,32.78000,966.11987,399.99384,,,,
2024-07-27T08:33:47+00:00,394,31.91000,965.95593,401.41278,,,,
2024-07-27T08:43:22+00:00,395,33.22000,965.88593,402.01855,,,,
2024-07-27T08:53:00+00:00,396,32.58000,965.93280,401.61298,,,,
2024-07-27T09:02:36+00:00,397,32.47000,965.95844,401.39084,,,,
2024-07-27T09:12:11+00:00,398,33.05000,966.14771,399.75345,,,,
2024-07-27T09:21:46+00:00,399,32.53000,966.03296,400.74588,,,,
2024-07-27T09:31:22+00:00,400,33.05000,965.98218,401.18542,,,,
2024-07-27T09:40:55+00:00,401,32.40000,965.95166,401.44989,,,,
2024-07-27T09:50:32+00:00,402,33.09000,965.93610,401.58423,,,,
2024-07-27T10:00:06+00:00,403,32.37000,965.87079,402.14978,,,,
2024-07-27T10:09:43+00:00,404,32.99000,965.97766,401.22461,,,,
2024-07-27T10:19:20+00:00,405,32.51000,965.87048,402.15237,,,,
2024-07-27T10:28:56+00:00,406,32.90000,965.89734,401.91977,,,,
2024-07-27T10:38:31+00:00,407,32.67000,965.96783,401.30981,,,,
2024-07-27T10:48:07+00:00,408,32.75000,965.90851,401.82309,,,,
2024-07-27T10:57:45+00:00,409,32.86000,965.77820,402.95111,,,,
2024-07-27T11:07:20+00:00,410,32.60000,965.80225,402.74304,,,,
2024-07-27T11:16:57+00:00,411,33.00000,965.77222,403.00287,,,,
2024-07-27T11:26:32+00:00,412,32.46000,965.78748,402.87061,,,,
2024-07-27T11:36:09+00:00,413,33.11000,965.93628,401.58264,,,,
2024-07-27T11:45:44+00:00,414,32.40000,966.22662,399.07043,,,,
2024-07-27T11:55:22+00:00,415,33.10000,966.36310,397.88956,,,,
2024-07-27T12:04:56+00:00,416,32.48000,966.57526,396.05423,,,,
2024-07-27T12:14:35+00:00,417,33.00000,966.80774,394.04370,,,,
2024-07-27T12:24:11+00:00,418,32.65000,967.09625,391.54901,,,,
2024-07-27T12:33:45+00:00,419,32.82000,967.41742,388.77249,,,,
2024-07-27T12:43:23+00:00,420,32.79000,967.60461,387.15433,,,,
2024-07-27T12:52:57+00:00,421,32.62000,967.54663,387.65540,,,,
2024-07-27T13:02:33+00:00,422,32.94000,967.64282,386.82446,,,,
2024-07-27T13:12:08+00:00,423,32.45000,967.70795,386.26132,,,,
2024-07-27T13:21:46+00:00,424,33.07000,967.91956,384.43326,,,,
2024-07-27T13:31:21+00:00,425,32.32000,967.94720,384.19427,,,,
2024-07-27T13:40:58+00:00,426,33.04000,967.80884,385.38977,,,,
2024-07-27T13:50:38+00:00,427,32.33000,967.90906,384.52353,,,,
2024-07-27T14:00:11+00:00,428,32.83000,968.03796,383.41003,,,,
2024-07-27T14:09:48+00:00,429,32.49000,968.20758,381.94452,,,,
2024-07-27T14:19:23+00:00,430,32.68000,968.38806,380.38586,,,,
2024-07-27T14:29:02+00:00,431,32.66000,968.50952,379.07880,,,,
2024-07-27T14:38:36+00:00,432,32.43000,968.53680,379.10123,,,,
2024-07-27T14:48:13+00:00,433,32.77000,968.48236,379.57166,,,,
2024-07-27T14:57:47+00:00,434,32.30000,968.38904,380.37750,,,,
2024-07-27T15:07:26+00:00,435,32.89000,968.64380,378.17761,,,,
2024-07-27T15:17:00+00:00,436,32.17000,968.74750,377.28226,,,,
2024-07-27T15:26:36+00:00,437,32.90000,968.81158,376.72849,,,,
2024-07-27T15:36:13+00:00,438,32.28000,968.89673,375.99384,,,,
2024-07-27T15:45:49+00:00,439,32.67000,968.91937,375.79834,,,,
2024-07-27T15:55:29+00:00,440,32.40000,969.08472,374.37091,,,,
2024-07-27T16:05:03+00:00,441,32.60000,968.90326,375.93753,,,,
2024-07-27T16:14:40+00:00,442,32.65000,968.86127,376.29990,,,,
2024-07-27T16:24:18+00:00,443,32.42000,968.94220,375.60126,,,,
2024-07-27T16:33:54+00:00,444,32.83000,968.90765,375.89948,,,,
2024-07-27T16:43:29+00:00,445,32.21000,968.99579,375.13831,,,,
2024-07-27T16:53:08+00:00,446,32.93000,968.98492,375.23215,,,,
2024-07-27T17:02:43+00:00,447,32.13000,968.99670,375.13046,,,,
2024-07-27T17:12:21+00:00,448,32.78000,968.92181,375.77695,,,,
2024-07-27T17:22:08+00:00,449,32.24000,969.00873,375.02673,,,,
2024-07-27T17:31:40+00:00,450,32.69000,968.83240,376.54913,,,,
2024-07-27T17:41:18+00:00,451,32.44000,968.63257,378.27463,,,,
2024-07-27T17:50:52+00:00,452,32.50000,968.51587,379.28220,,,,
2024-07-27T18:00:29+00:00,453,32.61000,968.36859,380.55435,,,,
2024-07-27T18:10:09+00:00,454,32.24000,968.38721,380.39316,,,,
2024-07-27T18:29:21+00:00,455,32.09000,968.47357,379.64731,,,,
2024-07-27T18:38:57+00:00,456,32.83000,968.27655,381.34930,,,,
2024-07-27T18:48:33+00:00,457,32.03000,968.11548,382.74066,,,,
2024-07-27T18:58:09+00:00,458,32.74000,968.00763,383.67197,,,,
2024-07-27T19:07:46+00:00,459,32.25000,967.88251,384.75314,,,,
2024-07-27T19:17:22+00:00,460,32.56000,968.00165,383.72363,,,,
2024-07-27T19:26:58+00:00,461,32.42000,967.88495,384.73227,,,,
2024-07-27T19:36:34+00:00,462,32.24000,968.00580,383.68814,,,,
2024-07-27T19:46:13+00:00,463,32.52000,967.89642,384.63312,,,,
2024-07-27T20:15:04+00:00,464,31.96000,967.87329,384.83298,,,,
2024-07-27T20:24:43+00:00,465,32.74000,967.88422,384.73853,,,,
2024-07-27T20:43:57+00:00,466,32.56000,967.84497,385.07773,,,,
2024-07-27T20:53:34+00:00,467,32.24000,967.83185,385.19095,,,,
2024-07-27T21:03:10+00:00,468,32.32000,967.72424,386.12094,,,,
2024-07-27T21:12:46+00:00,469,32.47000,967.71564,386.19504,,,,
2024-07-27T21:22:23+00:00,470,32.11000,967.70984,386.24515,,,,
2024-07-27T21:31:58+00:00,471,32.57000,967.64655,386.79211,,,,
2024-07-27T21:41:33+00:00,472,31.84000,967.66827,386.60422,,,,
2024-07-27T21:51:10+00:00,473,32.63000,967.70398,386.29578,,,,
2024-07-27T22:00:45+00:00,474,31.87000,967.72626,386.10318,,,,
2024-07-27T22:10:21+00:00,475,32.50000,967.75140,385.81039,,,,
2024-07-27T22:19:58+00:00,476,32.06000,967.72778,386.09015,,,,
2024-07-27T22:29:35+00:00,477,32.17000,967.95013,384.16870,,,,
2024-07-27T22:39:10+00:00,478,32.25000,968.03925,383.39908,,,,
2024-07-27T22:48:45+00:00,479,31.89000,968.04877,383.31665,,,,
2024-07-27T22:58:23+00:00,480,32.40000,967.92987,384.34402,,,,
2024-07-27T23:07:57+00:00,481,31.77000,968.07501,383.09021,,,,
2024-07-27T23:17:34+00:00,482,32.51000,968.16266,382.33267,,,,
2024-07-27T23:27:10+00:00,483,31.74000,968.27954,381.32324,,,,
2024-07-27T23:36:46+00:00,484,32.38000,968.28650,381.26324,,,,
2024-07-27T23:46:22+00:00,485,31.93000,968.45203,379.83350,,,,
2024-07-27T23:55:59+00:00,486,32.16000,968.42712,380.04840,,,,
2024-07-28T00:05:35+00:00,487,32.15000,968.55017,378.98596,,,,
2024-07-28T00:15:10+00:00,488,31.96000,968.64404,378.17554,,,,
2024-07-28T00:24:47+00:00,489,32.33000,968.79028,376.91257,,,,
2024-07-28T00:34:23+00:00,490,31.72000,968.94672,375.56213,,,,
2024-07-28T00:43:59+00:00,491,32.47000,969.01154,375.00275,,,,
2024-07-28T00:53:34+00:00,492,31.67000,969.07257,374.50696,,,,
2024-07-28T01:03:11+00:00,493,32.33000,969.06873,374.50906,,,,
2024-07-28T01:12:48+00:00,494,31.89000,969.08063,374.42148,,,,
2024-07-28T01:22:23+00:00,495,32.11000,969.13049,373.97577,,,,
2024-07-28T01:32:00+00:00,496,32.12000,969.14111,373.88403,,,,
2024-07-28T01:41:36+00:00,497,31.86000,969.20844,373.30334,,,,
2024-07-28T02:00:49+00:00,498,31.66000,969.28796,372.61688,,,,
2024-07-28T02:10:26+00:00,499,32.34000,969.31952,372.34430,,,,
2024-07-28T02:20:01+00:00,500,31.62000,969.33710,372.19263,,,,
2024-07-28T02:29:38+00:00,501,32.29000,969.26953,372.77585,,,,
2024-07-28T02:39:13+00:00,502,31.84000,969.28827,372.61429,,,,
2024-07-28T02:58:27+00:00,503,32.10000,969.23108,373.10788,,,,
2024-07-28T03:08:04+00:00,504,31.94000,969.16547,373.67395,,,,
2024-07-28T03:17:40+00:00,505,32.40000,969.19592,373.41122,,,,
2024-07-28T03:27:15+00:00,506,31.76000,969.19531,373.41644,,,,
2024-07-28T03:36:54+00:00,507,32.58000,968.98987,375.18991,,,,
2024-07-28T03:46:28+00:00,508,31.81000,968.95306,375.50742,,,,
2024-07-28T03:56:08+00:00,509,32.42000,968.85858,376.32285,,,,
2024-07-28T04:05:42+00:00,510,32.02000,968.84595,376.43234,,,,
2024-07-28T04:15:16+00:00,511,32.29000,968.76611,377.13626,,,,
2024-07-28T04:24:54+00:00,512,32.29000,968.71436,377.56802,,,,
2024-07-28T04:34:28+00:00,513,32.01000,968.61969,378.38571,,,,
2024-07-28T04:44:06+00:00,514,32.56000,968.42847,380.03693,,,,
2024-07-28T04:53:40+00:00,515,31.83000,968.30127,381.13544,,,,
2024-07-28T05:03:17+00:00,516,32.60000,968.13501,382.57162,,,,
2024-07-28T05:12:53+00:00,517,31.95000,967.95471,384.14471,,,,
2024-07-28T05:22:30+00:00,518,32.53000,967.86859,384.87317,,,,
2024-07-28T05:32:06+00:00,519,32.22000,967.75140,385.88608,,,,
2024-07-28T05:41:42+00:00,520,32.31000,967.66296,386.65015,,,,
2024-07-28T05:51:20+00:00,521,32.49000,967.45337,388.46188,,,,
2024-07-28T06:10:34+00:00,522,32.67000,967.08984,391.60437,,,,
2024-07-28T06:20:10+00:00,523,31.95000,966.88257,393.39661,,,,
2024-07-28T06:29:47+00:00,524,32.70000,966.69482,395.01993,,,,
2024-07-28T06:39:22+00:00,525,32.10000,966.56616,396.13309,,,,
2024-07-28T06:48:58+00:00,526,32.58000,966.41516,397.43918,,,,
2024-07-28T06:58:34+00:00,527,32.39000,966.36218,397.89740,,,,
2024-07-28T07:08:11+00:00,528,32.41000,966.27222,398.67593,,,,
2024-07-28T07:17:48+00:00,529,32.65000,966.19727,399.32440,,,,
2024-07-28T07:46:38+00:00,530,32.00000,966.40033,397.56772,,,,
2024-07-28T07:56:14+00:00,531,32.69000,966.25397,398.83374,,,,
2024-07-28T08:05:50+00:00,532,32.20000,966.01318,400.91730,,,,
2024-07-28T08:25:05+00:00,533,32.39000,965.95123,401.45355,,,,
2024-07-28T08:34:40+00:00,534,32.32000,965.93433,401.59988,,,,
2024-07-28T08:44:16+00:00,535,32.62000,965.81519,402.63068,,,,
2024-07-28T08:53:51+00:00,536,32.10000,965.78265,402.91241,,,,
2024-07-28T09:03:28+00:00,537,32.76000,965.75690,403.13510,,,,
2024-07-28T09:13:05+00:00,538,32.03000,965.72064,403.44928,,,,
2024-07-28T09:22:42+00:00,539,32.74000,965.63623,404.17963,,,,
2024-07-28T09:32:17+00:00,540,32.34000,965.56030,404.83734,,,,
2024-07-28T09:41:53+00:00,541,32.50000,965.51843,405.19968,,,,
2024-07-28T09:51:30+00:00,542,32.58000,965.51471,405.23209,,,,
2024-07-28T10:01:06+00:00,543,32.28000,965.53625,405.04544,,,,
2024-07-28T10:10:46+00:00,544,32.82000,965.51617,405.21902,,,,
2024-07-28T10:20:19+00:00,545,32.11000,965.65955,403.97781,,,,
2024-07-28T10:29:57+00:00,546,32.82000,965.59985,404.49487,,,,
2024-07-28T10:39:33+00:00,547,32.20000,965.71570,403.47595,,,,
2024-07-28T10:49:08+00:00,548,32.66000,965.68359,403.76974,,,,
2024-07-28T10:58:43+00:00,549,32.50000,965.74304,403.25534,,,,
2024-07-28T11:17:59+00:00,550,32.74000,965.96735,401.31400,,,,
2024-07-28T11:37:13+00:00,551,32.90000,965.95142,401.45197,,,,
2024-07-28T11:56:30+00:00,552,32.82000,966.53564,396.39691,,,,
2024-07-28T12:06:05+00:00,553,32.36000,966.79346,394.16696,,,,
2024-07-28T12:25:19+00:00,554,32.62000,967.08679,391.63046,,,,
2024-07-28T12:44:34+00:00,555,32.78000,967.22815,390.40866,,,,
2024-07-28T12:54:10+00:00,556,32.07000,967.41479,388.79492,,,,
2024-07-28T13:03:46+00:00,557,32.85000,967.54688,387.65332,,,,
2024-07-28T13:13:20+00:00,558,32.16000,967.68872,386.42780,,,,
2024-07-28T13:22:59+00:00,559,32.62000,967.80804,385.39658,,,,
2024-07-28T13:32:35+00:00,560,32.42000,967.85901,385.06100,,,,
2024-07-28T14:01:36+00:00,561,32.19000,968.08313,383.01978,,,,
2024-07-28T14:11:13+00:00,562,32.74000,968.20978,381.92575,,,,
2024-07-28T14:20:47+00:00,563,32.00000,968.33905,380.80942,,,,
2024-07-28T14:40:02+00:00,564,32.18000,968.48499,379.54871,,,,
2024-07-28T14:49:39+00:00,565,32.52000,968.59650,378.58597,,,,
2024-07-28T14:59:17+00:00,566,32.46000,968.61597,378.41803,,,,
2024-07-28T15:18:33+00:00,567,32.69000,968.65295,378.09836,,,,
2024-07-28T15:28:15+00:00,568,32.00000,968.60187,378.53955,,,,
2024-07-28T15:37:52+00:00,569,32.77000,968.51721,379.27072,,,,
2024-07-28T15:47:26+00:00,570,32.01000,968.34625,380.74683,,,,
2024-07-28T15:57:03+00:00,571,32.61000,968.31451,381.02121,,,,
2024-07-28T16:16:19+00:00,572,32.30000,968.13123,382.60449,,,,
2024-07-28T16:25:58+00:00,573,32.47000,968.02759,383.49979,,,,
2024-07-28T16:35:31+00:00,574,32.00000,967.93341,384.31323,,,,
2024-07-28T16:45:09+00:00,575,32.62000,968.02063,383.55978,,,,
2024-07-28T16:54:42+00:00,576,31.83000,967.93750,384.27777,,,,
2024-07-28T17:04:19+00:00,577,32.56000,967.83813,385.13669,,,,
2024-07-28T17:13:59+00:00,578,31.98000,967.68250,386.48157,,,,
2024-07-28T17:23:36+00:00,579,32.33000,967.59375,387.24829,,,,
2024-07-28T17:33:10+00:00,580,32.24000,967.46436,388.36688,,,,
2024-07-28T17:42:55+00:00,581,32.07000,967.46686,388.34497,,,,
2024-07-28T18:02:08+00:00,582,31.86000,967.39374,388.97711,,,,
2024-07-28T18:11:46+00:00,583,32.61000,967.26581,390.08286,,,,
2024-07-28T18:21:23+00:00,584,31.82000,967.22241,390.45825,,,,
2024-07-28T18:50:17+00:00,585,32.17000,967.13904,391.17880,,,,
2024-07-28T18:59:55+00:00,586,32.33000,967.08716,391.62732,,,,
2024-07-28T19:09:30+00:00,587,31.82000,967.10065,391.51089,,,,
2024-07-28T19:19:12+00:00,588,32.49000,967.12061,391.33804,,,,
2024-07-28T19:28:48+00:00,589,31.70000,967.05389,391.91507,,,,
2024-07-28T19:38:23+00:00,590,32.43000,966.96393,392.69315,,,,
2024-07-28T19:47:58+00:00,591,31.90000,966.87091,393.49741,,,,
2024-07-28T20:07:13+00:00,592,32.10000,966.60608,395.78781,,,,
2024-07-28T20:16:48+00:00,593,31.82000,966.59076,395.92047,,,,
2024-07-28T20:26:25+00:00,594,32.33000,966.57690,396.04010,,,,
2024-07-28T20:45:39+00:00,595,32.39000,966.47186,396.94861,,,,
2024-07-28T20:55:14+00:00,596,31.66000,966.46490,397.00867,,,,
2024-07-28T21:04:50+00:00,597,32.18000,966.50720,396.64297,,,,
2024-07-28T21:14:29+00:00,598,31.92000,966.67487,395.19281,,,,
2024-07-28T21:24:02+00:00,599,31.90000,966.69696,395.00165,,,,
2024-07-28T21:33:40+00:00,600,32.17000,966.74548,394.58221,,,,
2024-07-28T21:43:13+00:00,601,31.64000,966.76514,394.41193,,,,
2024-07-28T21:52:51+00:00,602,32.35000,966.76013,394.45529,,,,
2024-07-28T22:12:07+00:00,603,32.25000,966.74213,394.61093,,,,
2024-07-28T22:21:42+00:00,604,31.76000,966.79077,394.19046,,,,
2024-07-28T22:31:17+00:00,605,31.93000,966.76392,394.42236,,,,
2024-07-28T22:40:56+00:00,606,31.94000,966.80048,394.10638,,,,
2024-07-28T22:50:31+00:00,607,31.60000,966.92755,393.00754,,,,
2024-07-28T23:00:07+00:00,608,32.17000,967.07452,391.73648,,,,
2024-07-28T23:09:42+00:00,609,31.37000,967.20111,390.64203,,,,
2024-07-28T23:38:40+00:00,610,31.87000,967.50549,388.01141,,,,
2024-07-28T23:48:14+00:00,611,31.65000,967.62500,386.97842,,,,
2024-07-28T23:57:50+00:00,612,31.52000,967.66650,386.61987,,,,
2024-07-29T00:17:02+00:00,613,31.32000,967.69708,386.35526,,,,
2024-07-29T00:36:17+00:00,614,31.27000,968.10217,382.85544,,,,
2024-07-29T00:45:53+00:00,615,31.85000,968.19733,382.03323,,,,
2024-07-29T00:55:29+00:00,616,31.47000,968.24561,381.61639,,,,
2024-07-29T01:05:05+00:00,617,31.63000,968.28662,381.26221,,,,
2024-07-29T01:14:42+00:00,618,31.76000,968.43677,379.96545,,,,
2024-07-29T01:24:17+00:00,619,31.37000,968.65289,378.09888,,,,
2024-07-29T01:33:55+00:00,620,32.07000,968.86462,376.27069,,,,
2024-07-29T02:12:24+00:00,621,31.85000,969.04828,374.72958,,,,
2024-07-29T02:22:02+00:00,622,31.80000,969.16174,373.70627,,,,
2024-07-29T02:31:37+00:00,623,31.60000,969.19202,373.44461,,,,
2024-07-29T02:50:52+00:00,624,31.39000,969.08307,374.38498,,,,
2024-07-29T03:00:29+00:00,625,32.17000,968.94946,375.53870,,,,
2024-07-29T03:10:06+00:00,626,31.50000,968.97870,375.28583,,,,
2024-07-29T03:19:41+00:00,627,31.99000,968.91321,375.85150,,,,
2024-07-29T03:29:18+00:00,628,31.80000,968.95294,375.50845,,,,
2024-07-29T03:38:53+00:00,629,31.68000,968.86768,376.24463,,,,
2024-07-29T03:58:06+00:00,630,31.45000,968.76483,377.13260,,,,
2024-07-29T04:17:22+00:00,631,31.52000,968.71320,377.57846,,,,
2024-07-29T04:26:58+00:00,632,32.11000,968.64667,378.15259,,,,
2024-07-29T04:36:36+00:00,633,31.81000,968.55139,378.97556,,,,
2024-07-29T04:46:10+00:00,634,31.85000,968.43750,379.95920,,,,
2024-07-29T05:05:24+00:00,635,31.57000,968.19977,382.01236,,,,
2024-07-29T05:15:01+00:00,636,32.35000,968.01733,383.58850,,,,
2024-07-29T05:24:38+00:00,637,31.55000,967.95428,384.13324,,,,
2024-07-29T05:34:14+00:00,638,32.24000,967.80219,385.44717,,,,
2024-07-29T05:43:49+00:00,639,31.86000,967.73669,386.01291,,,,
2024-07-29T05:53:25+00:00,640,31.97000,967.46112,388.39456,,,,
2024-07-29T06:03:01+00:00,641,32.61000,967.41571,388.78711,,,,
2024-07-29T06:12:37+00:00,642,31.74000,967.27905,389.96854,,,,
2024-07-29T06:22:14+00:00,643,32.44000,967.18530,390.77884,,,,
2024-07-29T06:31:49+00:00,644,31.97000,966.98077,392.54745,,,,
2024-07-29T06:41:26+00:00,645,32.10000,966.94891,392.64197,,,,
2024-07-29T06:51:02+00:00,646,32.24000,966.81860,393.94971,,,,
2024-07-29T07:10:16+00:00,647,31.98000,966.52704,396.47162,,,,
2024-07-29T07:19:52+00:00,648,32.21000,966.44873,397.14868,,,,
2024-07-29T07:29:30+00:00,649,32.68000,966.27271,398.67175,,,,
2024-07-29T07:39:03+00:00,650,32.00000,966.13586,399.85587,,,,
2024-07-29T07:58:17+00:00,651,32.01000,965.85596,402.27783,,,,
2024-07-29T08:07:54+00:00,652,32.50000,965.81281,402.78696,,,,
2024-07-29T08:17:31+00:00,653,32.63000,965.84326,402.38760,,,,
2024-07-29T08:27:06+00:00,654,32.01000,965.87665,402.09906,,,,
2024-07-29T08:36:44+00:00,655,32.70000,965.71576,403.49164,,,,
2024-07-29T08:46:18+00:00,656,31.94000,965.50781,405.29169,,,,
2024-07-29T08:55:55+00:00,657,32.53000,965.35706,406.59686,,,,
2024-07-29T09:05:30+00:00,658,31.71000,965.11469,408.69559,,,,
2024-07-29T09:24:47+00:00,659,33.12000,965.22675,407.72540,,,,
2024-07-29T09:44:01+00:00,660,33.11000,965.24060,407.60510,,,,
2024-07-29T09:53:38+00:00,661,33.46000,965.13641,408.50729,,,,
2024-07-29T10:03:16+00:00,662,33.42000,965.29846,407.10410,,,,
2024-07-29T10:12:52+00:00,663,33.02000,965.33673,406.77307,,,,
2024-07-29T10:22:27+00:00,664,33.41000,965.42889,405.97458,,,,
2024-07-29T10:32:04+00:00,665,33.01000,965.51624,405.21851,,,,
2024-07-29T10:41:40+00:00,666,33.34000,965.77142,403.00964,,,,
2024-07-29T11:00:55+00:00,667,32.90000,965.83307,402.47595,,,,
2024-07-29T11:20:10+00:00,668,32.77000,966.01685,400.88541,,,,
2024-07-29T11:29:47+00:00,669,33.10000,966.24280,398.93042,,,,
2024-07-29T11:39:23+00:00,670,33.55000,966.40656,397.51389,,,,
2024-07-29T11:48:57+00:00,671,32.78000,966.60938,395.75906,,,,
2024-07-29T11:58:34+00:00,672,33.32000,966.73041,394.71228,,,,
2024-07-29T12:08:10+00:00,673,33.49000,966.80487,394.06827,,,,
2024-07-29T12:27:25+00:00,674,33.48000,966.93390,392.95270,,,,
2024-07-29T12:36:58+00:00,675,32.81000,967.04767,391.96884,,,,
2024-07-29T12:46:33+00:00,676,33.20000,967.30133,389.77588,,,,
2024-07-29T12:56:10+00:00,677,33.24000,967.42969,388.66650,,,,
2024-07-29T13:05:44+00:00,678,32.86000,967.56610,387.48734,,,,
2024-07-29T13:15:24+00:00,679,33.46000,967.71118,386.23364,,,,
2024-07-29T13:34:39+00:00,680,32.80000,967.89807,384.61850,,,,
2024-07-29T13:44:14+00:00,681,33.56000,968.06921,383.14029,,,,
2024-07-29T13:53:47+00:00,682,32.73000,968.27393,381.37173,,,,
2024-07-29T14:03:24+00:00,683,33.22000,968.43188,380.00772,,,,
2024-07-29T14:13:00+00:00,684,33.30000,968.60486,378.51346,,,,
2024-07-29T14:22:36+00:00,685,32.75000,968.65967,378.04047,,,,
2024-07-29T14:32:12+00:00,686,33.27000,968.77991,377.00226,,,,
2024-07-29T14:41:49+00:00,687,32.66000,968.89783,375.98447,,,,
2024-07-29T14:51:26+00:00,688,33.21000,969.06299,374.55856,,,,
2024-07-29T15:01:03+00:00,689,32.88000,969.16846,373.64789,,,,
2024-07-29T15:10:37+00:00,690,32.96000,969.36017,371.99353,,,,
2024-07-29T15:20:17+00:00,691,33.13000,969.36987,371.90961,,,,
2024-07-29T15:39:29+00:00,692,33.14000,969.48169,370.94498,,,,
2024-07-29T15:49:08+00:00,693,32.51000,969.52643,370.55881,,,,
2024-07-29T15:58:44+00:00,694,33.16000,969.39502,371.69281,,,,
2024-07-29T16:08:20+00:00,695,33.45000,969.39471,371.69540,,,,
2024-07-29T16:17:59+00:00,696,32.65000,969.42578,371.42755,,,,
2024-07-29T16:37:13+00:00,697,32.68000,969.35303,372.05502,,,,
2024-07-29T16:46:52+00:00,698,33.10000,969.23297,373.09119,,,,
2024-07-29T17:06:08+00:00,699,32.78000,969.24591,372.97964,,,,
2024-07-29T17:15:42+00:00,700,32.90000,969.09546,374.27811,,,,
2024-07-29T17:25:19+00:00,701,33.39000,969.07056,374.49289,,,,
2024-07-29T17:34:56+00:00,702,32.98000,969.00702,375.04184,,,,
2024-07-29T17:44:33+00:00,703,33.55000,968.98334,375.24622,,,,
2024-07-29T17:54:07+00:00,704,32.79000,968.99731,375.12524,,,,
2024-07-29T18:03:44+00:00,705,33.24000,968.87524,376.17892,,,,
2024-07-29T18:13:19+00:00,706,32.37000,968.86768,376.24463,,,,
2024-07-29T18:22:58+00:00,707,32.52000,968.70984,377.60712,,,,
2024-07-29T18:32:33+00:00,708,32.50000,968.60986,378.47070,,,,
2024-07-29T18:42:11+00:00,709,33.07000,968.38831,380.38379,,,,
2024-07-29T18:51:44+00:00,710,32.30000,968.35242,380.69360,,,,
2024-07-29T19:11:04+00:00,711,32.46000,968.14563,382.47980,,,,
2024-07-29T19:20:40+00:00,712,32.76000,968.10577,382.82413,,,,
2024-07-29T19:49:32+00:00,713,32.72000,967.96716,384.02158,,,,
2024-07-29T19:59:11+00:00,714,32.33000,967.94373,384.22403,,,,
2024-07-29T20:08:47+00:00,715,32.84000,967.93188,384.35760,,,,
2024-07-29T20:18:21+00:00,716,32.11000,967.87360,384.83035,,,,
2024-07-29T20:28:02+00:00,717,32.76000,967.89655,384.63208,,,,
2024-07-29T20:37:35+00:00,718,32.14000,967.99640,383.76901,,,,
2024-07-29T20:47:12+00:00,719,32.62000,968.03607,383.42621,,,,
2024-07-29T20:56:47+00:00,720,32.42000,968.09576,382.91074,,,,
2024-07-29T21:06:22+00:00,721,32.39000,968.10358,382.84344,,,,
2024-07-29T21:15:59+00:00,722,32.60000,968.05298,383.28012,,,,
2024-07-29T21:25:34+00:00,723,32.03000,968.09454,382.92117,,,,
2024-07-29T21:35:14+00:00,724,32.69000,968.05896,383.22849,,,,
2024-07-29T21:44:47+00:00,725,32.04000,968.11194,382.77090,,,,
2024-07-29T21:54:24+00:00,726,32.51000,968.13647,382.55908,,,,
2024-07-29T22:04:00+00:00,727,32.19000,968.22076,381.83081,,,,
2024-07-29T22:13:35+00:00,728,32.31000,968.21143,381.91168,,,,
2024-07-29T22:23:13+00:00,729,32.37000,968.26508,381.44791,,,,
2024-07-29T22:32:47+00:00,730,32.04000,968.21985,381.83862,,,,
2024-07-29T22:42:24+00:00,731,32.53000,968.29712,381.17142,,,,
2024-07-29T22:51:58+00:00,732,31.81000,968.35455,380.67535,,,,
2024-07-29T23:01:37+00:00,733,32.58000,968.37311,380.51523,,,,
2024-07-29T23:11:11+00:00,734,31.96000,968.40424,380.24606,,,,
2024-07-29T23:20:48+00:00,735,32.31000,968.44830,379.86584,,,,
2024-07-29T23:30:24+00:00,736,32.23000,968.54523,379.02875,,,,
2024-07-29T23:39:59+00:00,737,31.92000,968.63794,378.22821,,,,
2024-07-29T23:49:36+00:00,738,32.37000,968.74585,377.29633,,,,
2024-07-29T23:59:11+00:00,739,32.19000,968.84735,376.41983,,,,
2024-07-30T00:08:48+00:00,740,32.44000,969.01935,374.93497,,,,
2024-07-30T00:18:24+00:00,741,31.80000,969.08673,374.35370,,,,
2024-07-30T00:28:02+00:00,742,32.68000,969.21033,373.28665,,,,
2024-07-30T00:37:37+00:00,743,31.98000,969.32031,372.33752,,,,
2024-07-30T00:47:13+00:00,744,32.44000,969.46344,371.10236,,,,
2024-07-30T00:56:48+00:00,745,31.97000,969.49030,370.87097,,,,
2024-07-30T01:06:26+00:00,746,32.16000,969.53766,370.46188,,,,
2024-07-30T01:16:04+00:00,747,31.82000,969.57831,370.11121,,,,
2024-07-30T01:25:38+00:00,748,32.44000,969.79791,368.21671,,,,
2024-07-30T01:35:15+00:00,749,32.91000,969.81940,368.03122,,,,
2024-07-30T01:44:51+00:00,750,32.20000,969.87482,367.55350,,,,
2024-07-30T01:54:30+00:00,751,32.87000,969.83893,367.86295,,,,
2024-07-30T02:04:05+00:00,752,32.61000,970.01843,366.31473,,,,
2024-07-30T02:13:40+00:00,753,32.49000,969.95447,366.86639,,,,
2024-07-30T02:23:17+00:00,754,33.05000,969.87689,367.53528,,,,
2024-07-30T02:32:51+00:00,755,32.20000,969.92169,367.14926,,,,
2024-07-30T02:42:28+00:00,756,32.79000,969.87872,367.51965,,,,
2024-07-30T02:52:04+00:00,757,32.68000,969.86908,367.49829,,,,
2024-07-30T03:01:39+00:00,758,32.35000,969.85828,367.69626,,,,
2024-07-30T03:11:16+00:00,759,33.00000,969.87732,367.53162,,,,
2024-07-30T03:20:50+00:00,760,32.16000,969.95361,366.87369,,,,
2024-07-30T03:30:27+00:00,761,32.65000,969.98688,366.58664,,,,
2024-07-30T03:40:02+00:00,762,32.51000,969.91345,367.22009,,,,
2024-07-30T03:49:39+00:00,763,32.25000,969.82391,367.99268,,,,
2024-07-30T03:59:14+00:00,764,32.93000,969.81805,368.04321,,,,
2024-07-30T04:08:49+00:00,765,32.06000,969.79224,368.26569,,,,
2024-07-30T04:18:27+00:00,766,32.72000,969.68018,369.23270,,,,
2024-07-30T04:28:03+00:00,767,32.32000,969.68671,369.17590,,,,
2024-07-30T04:37:37+00:00,768,32.36000,969.65643,369.43747,,,,
2024-07-30T04:47:16+00:00,769,32.58000,969.56128,370.25815,,,,
2024-07-30T04:56:49+00:00,770,32.01000,969.51416,370.66461,,,,
2024-07-30T05:06:28+00:00,771,32.77000,969.40607,371.59744,,,,
2024-07-30T05:16:03+00:00,772,32.01000,969.34882,372.09152,,,,
2024-07-30T05:25:39+00:00,773,32.51000,969.19550,373.41489,,,,
2024-07-30T05:35:16+00:00,774,32.29000,969.13196,373.96326,,,,
2024-07-30T05:44:51+00:00,775,32.18000,969.04016,374.75565,,,,
2024-07-30T05:54:28+00:00,776,32.73000,968.96240,375.42661,,,,
2024-07-30T06:04:05+00:00,777,31.92000,968.91797,375.81033,,,,
2024-07-30T06:13:41+00:00,778,32.64000,968.74945,377.26505,,,,
2024-07-30T06:23:15+00:00,779,32.09000,968.73151,377.41992,,,,
2024-07-30T06:32:50+00:00,780,32.35000,968.65485,378.08218,,,,
2024-07-30T06:42:27+00:00,781,32.37000,968.53174,379.14505,,,,
2024-07-30T06:52:01+00:00,782,31.99000,968.50763,379.35315,,,,
2024-07-30T07:01:38+00:00,783,32.62000,968.40735,380.21948,,,,
2024-07-30T07:11:14+00:00,784,32.14000,968.37250,380.52045,,,,
2024-07-30T07:20:53+00:00,785,32.70000,968.29797,381.16412,,,,
2024-07-30T07:30:26+00:00,786,32.09000,968.25269,381.55536,,,,
2024-07-30T07:40:06+00:00,787,32.57000,968.19019,382.09531,,,,
2024-07-30T07:49:42+00:00,788,32.62000,968.23492,381.70874,,,,
2024-07-30T07:59:17+00:00,789,32.11000,968.24969,381.58093,,,,
2024-07-30T08:08:53+00:00,790,32.66000,968.28992,381.23349,,,,
2024-07-30T08:18:28+00:00,791,32.20000,968.21564,381.87515,,,,
2024-07-30T08:28:03+00:00,792,32.65000,968.22534,381.79117,,,,
2024-07-30T08:37:38+00:00,793,31.86000,968.39758,380.30344,,,,
2024-07-30T08:47:15+00:00,794,32.49000,968.30328,381.11823,,,,
2024-07-30T08:56:50+00:00,795,32.02000,968.25952,381.49591,,,,
2024-07-30T09:06:27+00:00,796,32.29000,968.28076,381.31281,,,,
2024-07-30T09:16:06+00:00,797,32.32000,968.19592,382.04575,,,,
2024-07-30T09:25:41+00:00,798,31.81000,968.17383,382.23615,,,,
2024-07-30T09:35:18+00:00,799,32.59000,968.28284,381.29453,,,,
2024-07-30T09:44:53+00:00,800,31.96000,968.43378,379.99103,,,,
2024-07-30T09:54:30+00:00,801,32.56000,968.45111,379.84131,,,,
2024-07-30T10:04:04+00:00,802,31.89000,968.39154,380.35614,,,,
2024-07-30T10:13:40+00:00,803,32.44000,968.38190,380.43906,,,,
2024-07-30T10:23:16+00:00,804,32.02000,968.42126,380.09897,,,,
2024-07-30T10:32:51+00:00,805,32.22000,968.47034,379.67548,,,,
2024-07-30T10:42:27+00:00,806,32.66000,968.41705,380.13550,,,,
2024-07-30T10:52:02+00:00,807,31.92000,968.48279,379.56802,,,,
2024-07-30T11:01:39+00:00,808,32.56000,968.51563,379.28430,,,,
2024-07-30T11:11:15+00:00,809,32.28000,968.62860,378.30853,,,,
2024-07-30T11:20:50+00:00,810,32.19000,968.64197,378.19327,,,,
2024-07-30T11:30:27+00:00,811,32.72000,968.77228,377.06796,,,,
2024-07-30T11:40:02+00:00,812,32.08000,968.94678,375.56161,,,,
2024-07-30T11:49:38+00:00,813,32.47000,969.03595,374.79160,,,,
2024-07-30T11:59:13+00:00,814,31.60000,969.05127,374.65970,,,,
2024-07-30T12:08:50+00:00,815,32.57000,969.15173,373.79227,,,,
2024-07-30T12:18:26+00:00,816,31.87000,969.25439,372.90668,,,,
2024-07-30T12:28:00+00:00,817,32.35000,969.42822,371.40619,,,,
2024-07-30T12:37:36+00:00,818,32.07000,969.49811,370.80322,,,,
2024-07-30T12:47:11+00:00,819,31.98000,969.62659,369.69485,,,,
2024-07-30T12:56:49+00:00,820,32.23000,969.67517,369.27542,,,,
2024-07-30T13:06:25+00:00,821,31.66000,969.78546,368.32404,,,,
2024-07-30T13:16:00+00:00,822,32.25000,969.89185,367.40659,,,,
2024-07-30T13:25:36+00:00,823,31.67000,969.99438,366.52206,,,,
2024-07-30T13:35:11+00:00,824,32.16000,970.05115,366.03241,,,,
2024-07-30T13:44:49+00:00,825,31.81000,970.16248,365.07248,,,,
2024-07-30T13:54:25+00:00,826,32.12000,970.26581,364.18137,,,,
2024-07-30T14:04:00+00:00,827,31.69000,970.35016,363.45386,,,,
2024-07-30T14:13:35+00:00,828,31.71000,970.39929,363.03052,,,,
2024-07-30T14:23:14+00:00,829,31.84000,970.48859,362.26038,,,,
2024-07-30T14:32:47+00:00,830,31.44000,970.50720,362.10001,,,,
2024-07-30T14:42:27+00:00,831,32.05000,970.63623,360.98737,,,,
2024-07-30T14:52:01+00:00,832,31.30000,970.74780,360.02582,,,,
2024-07-30T15:01:37+00:00,833,32.02000,970.75732,359.92899,,,,
2024-07-30T15:11:14+00:00,834,31.58000,970.87341,358.94308,,,,
2024-07-30T15:20:50+00:00,835,31.81000,970.95764,358.21698,,,,
2024-07-30T15:30:29+00:00,836,31.86000,971.00250,357.83078,,,,
2024-07-30T15:40:02+00:00,837,31.54000,970.99030,357.93591,,,,
2024-07-30T15:49:39+00:00,838,32.13000,971.00110,357.84274,,,,
2024-07-30T15:59:14+00:00,839,31.28000,970.92065,358.53604,,,,
2024-07-30T16:08:50+00:00,840,31.99000,970.99805,357.86877,,,,
2024-07-30T16:18:25+00:00,841,31.47000,970.99841,357.86563,,,,
2024-07-30T16:27:59+00:00,842,31.70000,970.87927,358.89258,,,,
2024-07-30T16:37:38+00:00,843,32.20000,970.79919,359.58282,,,,
2024-07-30T16:47:12+00:00,844,31.48000,970.72235,360.24500,,,,
2024-07-30T16:56:49+00:00,845,32.28000,970.63446,361.00299,,,,
2024-07-30T17:06:24+00:00,846,31.60000,970.52979,361.90527,,,,
2024-07-30T17:16:00+00:00,847,31.31000,970.39331,363.08206,,,,
2024-07-30T17:25:37+00:00,848,32.05000,970.41174,362.92273,,,,
2024-07-30T17:35:11+00:00,849,30.93000,970.24640,364.34854,,,,
2024-07-30T17:44:48+00:00,850,32.33000,970.29834,363.90067,,,,
2024-07-30T17:54:23+00:00,851,32.17000,970.26050,364.22720,,,,
2024-07-30T18:03:58+00:00,852,32.08000,970.17578,364.95737,,,,
2024-07-30T18:13:35+00:00,853,32.46000,970.21649,364.60635,,,,
2024-07-30T18:23:09+00:00,854,31.76000,970.14514,365.22195,,,,
2024-07-30T18:32:47+00:00,855,32.35000,970.07776,365.80270,,,,
2024-07-30T18:42:23+00:00,856,31.78000,969.89703,367.36179,,,,
2024-07-30T18:51:58+00:00,857,32.19000,969.84497,367.81085,,,,
2024-07-30T19:01:35+00:00,858,32.04000,969.73596,368.75125,,,,
2024-07-30T19:11:12+00:00,859,32.21000,969.61578,369.78812,,,,
2024-07-30T19:20:47+00:00,860,32.00000,969.51581,370.65054,,,,
2024-07-30T19:30:22+00:00,861,31.89000,969.50885,370.71045,,,,
2024-07-30T19:39:59+00:00,862,32.12000,969.45093,371.21024,,,,
2024-07-30T19:49:34+00:00,863,31.57000,969.44513,371.26025,,,,
2024-07-30T19:59:10+00:00,864,32.18000,969.38843,371.74963,,,,
2024-07-30T20:08:44+00:00,865,31.36000,969.44397,371.27069,,,,
2024-07-30T20:18:21+00:00,866,32.06000,969.39722,371.67404,,,,
2024-07-30T20:27:57+00:00,867,31.59000,969.40747,371.58545,,,,
2024-07-30T20:37:34+00:00,868,31.85000,969.38593,371.77151,,,,
2024-07-30T20:47:09+00:00,869,31.78000,969.34692,372.10767,,,,
2024-07-30T20:56:45+00:00,870,31.44000,969.34015,372.16656,,,,
2024-07-30T21:06:21+00:00,871,31.87000,969.44550,371.52707,,,,
2024-07-30T21:15:55+00:00,872,31.16000,969.41315,371.53647,,,,
2024-07-30T21:25:34+00:00,873,31.85000,969.45032,371.21542,,,,
2024-07-30T21:35:08+00:00,874,31.16000,969.53674,370.46970,,,,
2024-07-30T21:44:46+00:00,875,31.68000,969.52869,370.53955,,,,
2024-07-30T21:54:21+00:00,876,31.45000,969.63947,369.58386,,,,
2024-07-30T22:03:55+00:00,877,31.43000,969.60919,369.84494,,,,
2024-07-30T22:13:31+00:00,878,31.61000,969.60815,369.85379,,,,
2024-07-30T22:23:06+00:00,879,31.13000,969.58594,370.04553,,,,
2024-07-30T22:32:45+00:00,880,31.69000,969.58435,370.05908,,,,
2024-07-30T22:42:18+00:00,881,30.88000,969.60858,369.85013,,,,
2024-07-30T22:51:55+00:00,882,31.53000,969.70471,369.02063,,,,
2024-07-30T23:01:31+00:00,883,31.04000,969.76172,368.52878,,,,
2024-07-30T23:11:08+00:00,884,31.42000,969.80560,368.15054,,,,
2024-07-30T23:20:44+00:00,885,31.32000,969.96405,366.78357,,,,
2024-07-30T23:30:19+00:00,886,31.14000,969.96857,366.74448,,,,
2024-07-30T23:39:57+00:00,887,31.48000,970.14862,365.19174,,,,
2024-07-30T23:49:31+00:00,888,30.77000,970.18860,364.84695,,,,
2024-07-30T23:59:08+00:00,889,31.47000,970.26312,364.20428,,,,
2024-07-31T00:08:44+00:00,890,31.04000,970.26068,364.22565,,,,
2024-07-31T00:18:20+00:00,891,31.56000,970.35968,363.37158,,,,
2024-07-31T00:27:55+00:00,892,30.83000,970.35577,363.40543,,,,
2024-07-31T00:37:32+00:00,893,31.54000,970.45978,362.50876,,,,
2024-07-31T00:47:06+00:00,894,30.87000,970.54834,361.74542,,,,
2024-07-31T00:56:42+00:00,895,31.28000,970.62506,361.08368,,,,
2024-07-31T01:06:19+00:00,896,31.03000,970.70868,360.36316,,,,
2024-07-31T01:15:55+00:00,897,31.45000,970.83594,359.26633,,,,
2024-07-31T01:25:33+00:00,898,31.02000,970.95490,358.24091,,,,
2024-07-31T01:35:07+00:00,899,31.11000,971.05219,357.40244,,,,
2024-07-31T01:44:44+00:00,900,31.15000,971.07251,357.22705,,,,
2024-07-31T02:45:03+00:00,901,30.95000,971.29651,355.29745,,,,
2024-07-31T02:54:38+00:00,902,31.89000,971.26123,355.60135,,,,
2024-07-31T03:04:14+00:00,903,31.83000,971.33234,354.98837,,,,
2024-07-31T03:13:50+00:00,904,31.13000,971.40576,354.35620,,,,
2024-07-31T03:23:24+00:00,905,30.71000,971.36047,354.74591,,,,
2024-07-31T03:33:03+00:00,906,31.72000,971.38422,354.54141,,,,
2024-07-31T03:42:37+00:00,907,30.89000,971.41071,354.31354,,,,
2024-07-31T03:52:12+00:00,908,31.25000,971.46735,353.82553,,,,
2024-07-31T04:01:49+00:00,909,31.30000,971.55798,353.04462,,,,
2024-07-31T04:11:23+00:00,910,30.57000,971.48010,353.71573,,,,
2024-07-31T04:21:00+00:00,911,31.38000,971.50842,353.47174,,,,
2024-07-31T04:30:35+00:00,912,30.32000,971.41345,354.28961,,,,
2024-07-31T04:40:11+00:00,913,31.23000,971.41107,354.31042,,,,
